{"stats":{"minecraft:crafted":{"minecraft:iron_axe":1,"minecraft:stone_pickaxe":1,"quark:spruce_chest":2,"minecraft:wheat":18,"minecraft:crafting_table":3,"minecraft:spruce_planks":124,"minecraft:wooden_pickaxe":1,"minecraft:iron_sword":1,"minecraft:stone_axe":1,"minecraft:bread":6,"minecraft:air":0,"minecraft:shield":1,"minecraft:stick":36,"minecraft:iron_ingot":6,"minecraft:iron_pickaxe":2,"minecraft:torch":32},"minecraft:killed_by":{"minecraft:creeper":1,"iceandfire:ghost":1},"minecraft:picked_up":{"minecraft:crafting_table":4,"minecraft:wheat":1,"thermal:raw_silver":6,"thermal:cinnabar":7,"minecraft:wooden_pickaxe":1,"minecraft:oak_stairs":4,"minecraft:shield":1,"minecraft:string":29,"minecraft:moss_carpet":4,"thermal:raw_nickel":6,"thermal:sulfur":56,"minecraft:sea_pickle":4,"minecraft:iron_pickaxe":1,"minecraft:furnace":1,"minecraft:raw_iron":56,"minecraft:stick":6,"minecraft:torch":2,"thermal:raw_lead":2,"minecraft:porkchop":2,"minecraft:carrot":1,"minecraft:redstone":4,"mekanism:raw_tin":14,"gobber2:gobber2_foo":8,"minecraft:tnt":1,"minecraft:arrow":15,"minecraft:rotten_flesh":14,"minecraft:hay_block":2,"minecraft:mangrove_roots":1,"minecraft:iron_bars":1,"minecraft:cobblestone":86,"minecraft:bone_block":45,"minecraft:pink_petals":1,"mekanism:raw_lead":8,"minecraft:andesite":6,"gobber2:gobber2_gooey_beefstew":3,"paraglider:spirit_orb":20,"minecraft:oak_log":4,"iceandfire:ectoplasm":1,"minecraft:gunpowder":2,"minecraft:dirt":4,"quark:forgotten_hat":1,"minecraft:bone":12,"gobber2:gobber2_gooey_beef":4,"minecraft:wheat_seeds":11,"minecraft:iron_ingot":5,"minecraft:moss_block":3,"minecraft:iron_sword":1,"gobber2:gobber2_gooey_bread":2,"minecraft:emerald_block":1,"minecraft:sweet_berries":2,"minecraft:white_bed":1,"minecraft:spruce_log":31,"mekanism:raw_osmium":24,"minecraft:polished_andesite":2,"minecraft:granite":13,"minecraft:coal":10,"gobber2:gobber2_goo":5},"minecraft:killed":{"mythicmounts:dragon":1,"minecraft:spider":3,"quark:forgotten":1,"minecraft:skeleton":14,"minecraft:drowned":1,"minecraft:pig":1,"minecraft:creeper":2,"minecraft:zombie":18,"iceandfire:ghost":2},"minecraft:dropped":{"minecraft:iron_sword":1,"minecraft:wheat_seeds":2,"minecraft:stick":8,"minecraft:moss_carpet":4,"patchouli:guide_book":2},"minecraft:broken":{"minecraft:iron_pickaxe":1},"minecraft:used":{"gobber2:gobber2_goo":5,"iceandfire:silver_sword":1,"gobber2:gobber2_gooey_bread":2,"minecraft:spruce_planks":44,"minecraft:shield":59,"minecraft:iron_sword":200,"minecraft:rotten_flesh":8,"minecraft:iron_chestplate":1,"minecraft:torch":35,"minecraft:carrot":1,"quark:spruce_chest":2,"minecraft:iron_axe":17,"minecraft:iron_helmet":1,"minecraft:iron_boots":1,"gobber2:gobber2_gooey_beef":4,"minecraft:sweet_berries":2,"minecraft:cooked_beef":3,"minecraft:potato":18,"minecraft:stone_pickaxe":6,"minecraft:wooden_pickaxe":9,"minecraft:golden_apple":2,"minecraft:crafting_table":4,"minecraft:white_bed":1,"minecraft:apple":15,"gobber2:gobber2_gooey_beefstew":3,"minecraft:bread":10,"minecraft:iron_pickaxe":307,"minecraft:stone_axe":8,"minecraft:cobblestone":45},"minecraft:mined":{"minecraft:white_bed":1,"thermal:cinnabar_ore":4,"minecraft:dark_oak_leaves":6,"thermal:sulfur_ore":12,"minecraft:mangrove_roots":1,"mekanism:deepslate_osmium_ore":12,"minecraft:granite":13,"minecraft:grass_block":4,"gobber2:gobber2_lucky_block":18,"minecraft:spruce_leaves":3,"minecraft:moss_block":3,"minecraft:spawner":10,"minecraft:hay_block":2,"minecraft:redstone_ore":1,"minecraft:furnace":1,"minecraft:iron_ore":29,"minecraft:fire":2,"minecraft:andesite":6,"minecraft:moss_carpet":1,"minecraft:vine":1,"minecraft:deepslate_iron_ore":3,"minecraft:iron_bars":3,"minecraft:stone":76,"minecraft:bone_block":48,"mekanism:osmium_ore":12,"thermal:lead_ore":2,"minecraft:crafting_table":4,"mekanism:tin_ore":13,"minecraft:tall_grass":13,"minecraft:cobblestone":3,"minecraft:lapis_ore":1,"minecraft:pink_petals":1,"minecraft:sea_pickle":1,"minecraft:sweet_berry_bush":2,"minecraft:ice":1,"minecraft:spruce_log":22,"minecraft:tnt":1,"minecraft:mangrove_leaves":3,"gobber2:gobber2_lucky_block_deepslate":1,"minecraft:grass":20,"mekanism:deepslate_tin_ore":1,"thermal:silver_ore":6,"minecraft:coal_ore":10,"mekanism:lead_ore":8,"thermal:nickel_ore":6,"minecraft:cobweb":28,"mekanism:deepslate_uranium_ore":2,"minecraft:fern":1,"minecraft:oak_leaves":6,"minecraft:emerald_block":1,"thermal:deepslate_sulfur_ore":1},"minecraft:custom":{"minecraft:mob_kills":50,"minecraft:interact_with_crafting_table":9,"minecraft:open_barrel":2,"minecraft:damage_dealt_resisted":0,"minecraft:leave_game":3,"minecraft:time_since_death":406,"minecraft:climb_one_cm":6393,"minecraft:damage_resisted":0,"minecraft:sprint_one_cm":304717,"minecraft:walk_one_cm":157340,"minecraft:damage_blocked_by_shield":2110,"minecraft:drop":8,"minecraft:talked_to_villager":2,"minecraft:play_time":84747,"minecraft:deaths":3,"minecraft:sneak_time":3742,"minecraft:walk_under_water_one_cm":10154,"minecraft:jump":2020,"minecraft:walk_on_water_one_cm":26400,"minecraft:total_world_time":84747,"minecraft:interact_with_furnace":2,"minecraft:tune_noteblock":18,"minecraft:sleep_in_bed":1,"minecraft:time_since_rest":438,"minecraft:damage_taken":4116,"minecraft:damage_absorbed":76,"minecraft:trigger_trapped_chest":1,"minecraft:damage_dealt":10455,"minecraft:swim_one_cm":73421,"minecraft:fly_one_cm":337958,"minecraft:open_chest":26,"minecraft:crouch_one_cm":11801,"minecraft:fall_one_cm":77609}},"DataVersion":3465}