{"stats":{"minecraft:crafted":{"minecraft:mangrove_planks":4,"minecraft:acacia_planks":8},"minecraft:killed":{"minecraft:spider":2},"minecraft:used":{"minecraft:moss_carpet":24,"minecraft:rose_bush":1,"minecraft:mangrove_planks":4,"minecraft:glow_berries":2,"minecraft:dirt":3,"minecraft:yellow_concrete":1,"minecraft:acacia_planks":8},"minecraft:killed_by":{"minecraft:player":1},"minecraft:picked_up":{"minecraft:wheat":1,"minecraft:acacia_log":2,"minecraft:dirt":4,"minecraft:moss_carpet":2,"minecraft:item_frame":1,"minecraft:mangrove_wood":1,"minecraft:wheat_seeds":6,"minecraft:rose_bush":1,"minecraft:glow_berries":2},"minecraft:custom":{"minecraft:time_since_rest":3963,"minecraft:sprint_one_cm":29517,"minecraft:damage_taken":530,"minecraft:walk_one_cm":11916,"minecraft:mob_kills":2,"minecraft:drop":1,"minecraft:damage_dealt":210,"minecraft:swim_one_cm":2686,"minecraft:fly_one_cm":231821,"minecraft:crouch_one_cm":253,"minecraft:play_time":11759,"minecraft:deaths":2,"minecraft:sneak_time":536,"minecraft:walk_under_water_one_cm":140,"minecraft:jump":420,"minecraft:eat_cake_slice":3,"minecraft:walk_on_water_one_cm":1486,"minecraft:time_since_death":3448,"minecraft:total_world_time":11759,"minecraft:climb_one_cm":552,"minecraft:fall_one_cm":20011},"minecraft:dropped":{"minecraft:yellow_concrete":1},"minecraft:mined":{"minecraft:mangrove_leaves":4,"minecraft:mangrove_wood":1,"minecraft:cave_vines_plant":2,"minecraft:grass":1,"minecraft:acacia_log":2,"minecraft:grass_block":1,"minecraft:vine":1,"minecraft:rose_bush":1,"minecraft:dirt":3,"minecraft:tall_grass":1}},"DataVersion":3465}