{"stats":{"minecraft:crafted":{"minecraft:mangrove_planks":4,"minecraft:acacia_planks":8},"minecraft:killed":{"minecraft:spider":2,"minecraft:creeper":1,"minecraft:skeleton":4,"minecraft:pillager":12,"minecraft:zombie":4,"ecologics:coconut_crab":2,"iceandfire:lightning_dragon":1,"minecraft:enderman":1,"minecraft:cow":1},"minecraft:picked_up":{"iceandfire:dragon_skull_lightning":1,"minecraft:wheat":15,"minecraft:leather":2,"minecraft:oak_log":1,"minecraft:dirt":4,"minecraft:moss_carpet":6,"minecraft:white_banner":1,"minecraft:item_frame":1,"minecraft:bone":1,"minecraft:wheat_seeds":41,"minecraft:beef":2,"minecraft:rose_bush":1,"iceandfire:dragonscales_electric":19,"ecologics:crab_claw":2,"iceandfire:dragonbone":12,"ecologics:coconut_slice":8,"minecraft:acacia_log":2,"ecologics:coconut_seedling":1,"iceandfire:lightning_dragon_flesh":8,"minecraft:sand":4,"iceandfire:lightning_dragon_heart":1,"naturalist:duck_egg":1,"minecraft:oak_wood":1,"minecraft:arrow":2,"minecraft:rotten_flesh":6,"minecraft:mangrove_wood":1,"minecraft:golden_apple":1,"minecraft:glow_berries":2,"minecraft:coal":5,"minecraft:andesite_slab":1,"minecraft:cobblestone":264},"minecraft:mined":{"minecraft:cave_vines_plant":2,"minecraft:mangrove_wood":1,"minecraft:acacia_log":2,"minecraft:grass_block":1,"ecologics:coconut_leaves":1,"minecraft:rose_bush":1,"minecraft:tall_grass":1,"minecraft:mangrove_leaves":4,"minecraft:grass":1,"minecraft:vine":1,"minecraft:sand":5,"minecraft:dirt":3},"minecraft:used":{"minecraft:moss_carpet":24,"minecraft:rose_bush":1,"framedblocks:framed_inner_corner_slope":1,"quark:ancient_chest":1,"minecraft:mangrove_planks":4,"quark:crimson_ladder":4,"framedblocks:framed_stairs":2,"minecraft:andesite_slab":8,"quark:hollow_birch_log":12,"minecraft:sandstone":3,"naturalist:duck_egg":33,"minecraft:glow_berries":2,"gobber2:gobber2_sword_nether":13,"minecraft:dirt":5,"minecraft:hopper":3,"elevatorid:elevator_orange":2,"minecraft:yellow_concrete":1,"sophisticatedbackpacks:netherite_backpack":1,"minecraft:warden_spawn_egg":1,"minecraft:mud":11,"easy_villagers:villager":1,"framedblocks:framed_threeway_corner_pillar":1,"chipped:smooth_inlayed_amethyst_block":32,"cobblefordays:tier_5":4,"iceandfire:dragonsteel_fire_axe":9,"gobber2:gobber2_sword_sniper":9,"minecraft:grass_block":12,"ironchest:trapped_obsidian_chest":2,"ecologics:coconut_slice":4,"easy_villagers:auto_trader":5,"iceandfire:spawn_egg_lightning_dragon":1,"chipped:glad_amethyst_block":54,"gobber2:gobber2_sword_traveler":17,"minecraft:acacia_planks":8,"ironchest:crystal_chest":1},"minecraft:dropped":{"minecraft:yellow_concrete":1,"minecraft:rotten_flesh":1,"minecraft:grass_block":1},"minecraft:killed_by":{"minecraft:player":1,"ecologics:coconut_crab":1},"minecraft:custom":{"minecraft:mob_kills":29,"minecraft:inspect_hopper":7,"minecraft:eat_cake_slice":3,"minecraft:leave_game":11,"minecraft:time_since_death":17349,"minecraft:climb_one_cm":2365,"minecraft:time_since_rest":17383,"minecraft:sprint_one_cm":86416,"minecraft:walk_one_cm":61308,"minecraft:damage_taken":1250,"minecraft:trigger_trapped_chest":10,"minecraft:drop":3,"minecraft:damage_dealt":8620,"minecraft:swim_one_cm":4279,"minecraft:fly_one_cm":795813,"minecraft:open_chest":8,"minecraft:crouch_one_cm":1393,"minecraft:play_time":69939,"minecraft:deaths":3,"minecraft:sneak_time":3417,"minecraft:walk_under_water_one_cm":3213,"minecraft:jump":1239,"minecraft:walk_on_water_one_cm":3761,"minecraft:total_world_time":69939,"minecraft:fall_one_cm":27298}},"DataVersion":3465}