{"stats":{"minecraft:killed_by":{"minecraft:player":1},"minecraft:crafted":{"minecraft:mangrove_planks":4,"minecraft:acacia_planks":8},"minecraft:dropped":{"minecraft:yellow_concrete":1},"minecraft:picked_up":{"minecraft:wheat":1,"minecraft:leather":2,"minecraft:acacia_log":2,"minecraft:moss_carpet":2,"minecraft:dirt":4,"minecraft:white_banner":1,"minecraft:item_frame":1,"minecraft:arrow":2,"minecraft:bone":1,"minecraft:rotten_flesh":3,"minecraft:mangrove_wood":1,"minecraft:wheat_seeds":6,"minecraft:beef":2,"minecraft:rose_bush":1,"minecraft:glow_berries":2,"minecraft:cobblestone":264},"minecraft:custom":{"minecraft:time_since_rest":17444,"minecraft:sprint_one_cm":40672,"minecraft:damage_taken":530,"minecraft:walk_one_cm":26444,"minecraft:trigger_trapped_chest":10,"minecraft:mob_kills":24,"minecraft:drop":1,"minecraft:inspect_hopper":7,"minecraft:damage_dealt":5190,"minecraft:swim_one_cm":2686,"minecraft:fly_one_cm":267978,"minecraft:open_chest":4,"minecraft:play_time":25240,"minecraft:crouch_one_cm":419,"minecraft:deaths":2,"minecraft:sneak_time":677,"minecraft:walk_under_water_one_cm":140,"minecraft:jump":580,"minecraft:eat_cake_slice":3,"minecraft:leave_game":2,"minecraft:time_since_death":16929,"minecraft:walk_on_water_one_cm":1486,"minecraft:total_world_time":25240,"minecraft:climb_one_cm":862,"minecraft:fall_one_cm":20011},"minecraft:killed":{"minecraft:skeleton":4,"minecraft:pillager":12,"minecraft:zombie":3,"minecraft:spider":2,"minecraft:creeper":1,"minecraft:enderman":1,"minecraft:cow":1},"minecraft:mined":{"minecraft:mangrove_leaves":4,"minecraft:cave_vines_plant":2,"minecraft:mangrove_wood":1,"minecraft:grass":1,"minecraft:acacia_log":2,"minecraft:grass_block":1,"minecraft:vine":1,"minecraft:rose_bush":1,"minecraft:dirt":3,"minecraft:tall_grass":1},"minecraft:used":{"minecraft:warden_spawn_egg":1,"minecraft:moss_carpet":24,"minecraft:rose_bush":1,"cobblefordays:tier_5":4,"gobber2:gobber2_sword_sniper":9,"quark:ancient_chest":1,"minecraft:mangrove_planks":4,"quark:crimson_ladder":4,"ironchest:trapped_obsidian_chest":2,"gobber2:gobber2_sword_nether":13,"minecraft:glow_berries":2,"minecraft:dirt":3,"minecraft:hopper":3,"minecraft:yellow_concrete":1,"gobber2:gobber2_sword_traveler":14,"minecraft:acacia_planks":8,"ironchest:crystal_chest":1}},"DataVersion":3465}