{"stats":{"minecraft:killed_by":{"minecraft:player":1},"minecraft:custom":{"minecraft:time_since_rest":34572,"minecraft:sprint_one_cm":50882,"minecraft:damage_taken":530,"minecraft:walk_one_cm":34624,"minecraft:trigger_trapped_chest":10,"minecraft:mob_kills":24,"minecraft:drop":3,"minecraft:inspect_hopper":7,"minecraft:damage_dealt":5240,"minecraft:swim_one_cm":4016,"minecraft:fly_one_cm":671006,"minecraft:open_chest":8,"minecraft:play_time":42368,"minecraft:crouch_one_cm":958,"minecraft:deaths":2,"minecraft:sneak_time":2902,"minecraft:walk_under_water_one_cm":2901,"minecraft:jump":735,"minecraft:eat_cake_slice":3,"minecraft:leave_game":4,"minecraft:time_since_death":34057,"minecraft:walk_on_water_one_cm":3544,"minecraft:climb_one_cm":912,"minecraft:total_world_time":42368,"minecraft:fall_one_cm":20011},"minecraft:mined":{"minecraft:mangrove_leaves":4,"minecraft:cave_vines_plant":2,"minecraft:mangrove_wood":1,"minecraft:grass":1,"minecraft:acacia_log":2,"minecraft:grass_block":1,"minecraft:vine":1,"minecraft:rose_bush":1,"minecraft:dirt":3,"minecraft:tall_grass":1},"minecraft:dropped":{"minecraft:yellow_concrete":1,"minecraft:rotten_flesh":1,"minecraft:grass_block":1},"minecraft:used":{"minecraft:warden_spawn_egg":1,"minecraft:mud":11,"minecraft:moss_carpet":24,"minecraft:rose_bush":1,"cobblefordays:tier_5":4,"gobber2:gobber2_sword_sniper":9,"minecraft:grass_block":12,"quark:ancient_chest":1,"minecraft:mangrove_planks":4,"quark:crimson_ladder":4,"minecraft:sandstone":3,"ironchest:trapped_obsidian_chest":2,"gobber2:gobber2_sword_nether":13,"minecraft:glow_berries":2,"minecraft:dirt":5,"minecraft:hopper":3,"elevatorid:elevator_orange":2,"minecraft:yellow_concrete":1,"sophisticatedbackpacks:netherite_backpack":1,"gobber2:gobber2_sword_traveler":14,"minecraft:acacia_planks":8,"ironchest:crystal_chest":1},"minecraft:picked_up":{"minecraft:wheat":15,"minecraft:leather":2,"minecraft:acacia_log":2,"minecraft:moss_carpet":3,"minecraft:dirt":4,"minecraft:white_banner":1,"minecraft:item_frame":1,"minecraft:bone":1,"minecraft:arrow":2,"minecraft:rotten_flesh":4,"minecraft:mangrove_wood":1,"minecraft:wheat_seeds":40,"minecraft:beef":2,"minecraft:rose_bush":1,"minecraft:golden_apple":1,"minecraft:glow_berries":2,"minecraft:coal":5,"minecraft:cobblestone":264},"minecraft:crafted":{"minecraft:mangrove_planks":4,"minecraft:acacia_planks":8},"minecraft:killed":{"minecraft:skeleton":4,"minecraft:pillager":12,"minecraft:zombie":3,"minecraft:spider":2,"minecraft:creeper":1,"minecraft:enderman":1,"minecraft:cow":1}},"DataVersion":3465}