{"stats":{"minecraft:mined":{"minecraft:mangrove_wood":1,"minecraft:cave_vines_plant":2,"minecraft:acacia_log":2,"minecraft:grass_block":1,"ecologics:coconut_leaves":1,"minecraft:rose_bush":1,"minecraft:tall_grass":1,"minecraft:mangrove_leaves":4,"minecraft:grass":1,"minecraft:vine":1,"minecraft:sand":5,"minecraft:dirt":3},"minecraft:crafted":{"minecraft:mangrove_planks":4,"minecraft:acacia_planks":8},"minecraft:custom":{"minecraft:mob_kills":27,"minecraft:inspect_hopper":7,"minecraft:eat_cake_slice":3,"minecraft:leave_game":10,"minecraft:time_since_death":13781,"minecraft:climb_one_cm":2127,"minecraft:time_since_rest":13815,"minecraft:sprint_one_cm":82431,"minecraft:walk_one_cm":56834,"minecraft:damage_taken":925,"minecraft:trigger_trapped_chest":10,"minecraft:drop":3,"minecraft:damage_dealt":5762,"minecraft:swim_one_cm":4279,"minecraft:fly_one_cm":778727,"minecraft:open_chest":8,"minecraft:crouch_one_cm":1393,"minecraft:play_time":66371,"minecraft:deaths":3,"minecraft:sneak_time":3393,"minecraft:walk_under_water_one_cm":3213,"minecraft:jump":1167,"minecraft:walk_on_water_one_cm":3657,"minecraft:total_world_time":66371,"minecraft:fall_one_cm":27049},"minecraft:killed_by":{"minecraft:player":1,"ecologics:coconut_crab":1},"minecraft:picked_up":{"minecraft:wheat":15,"minecraft:leather":2,"minecraft:dirt":4,"minecraft:moss_carpet":3,"minecraft:white_banner":1,"minecraft:item_frame":1,"minecraft:bone":1,"minecraft:wheat_seeds":40,"minecraft:beef":2,"minecraft:rose_bush":1,"ecologics:crab_claw":2,"ecologics:coconut_slice":8,"minecraft:acacia_log":2,"ecologics:coconut_seedling":1,"minecraft:sand":4,"naturalist:duck_egg":1,"minecraft:arrow":2,"minecraft:rotten_flesh":4,"minecraft:mangrove_wood":1,"minecraft:golden_apple":1,"minecraft:glow_berries":2,"minecraft:coal":5,"minecraft:cobblestone":264},"minecraft:used":{"minecraft:moss_carpet":24,"minecraft:rose_bush":1,"quark:ancient_chest":1,"minecraft:mangrove_planks":4,"quark:crimson_ladder":4,"minecraft:andesite_slab":3,"quark:hollow_birch_log":12,"minecraft:sandstone":3,"naturalist:duck_egg":33,"minecraft:glow_berries":2,"gobber2:gobber2_sword_nether":13,"minecraft:dirt":5,"minecraft:hopper":3,"elevatorid:elevator_orange":2,"minecraft:yellow_concrete":1,"sophisticatedbackpacks:netherite_backpack":1,"minecraft:warden_spawn_egg":1,"minecraft:mud":11,"easy_villagers:villager":1,"chipped:smooth_inlayed_amethyst_block":32,"cobblefordays:tier_5":4,"gobber2:gobber2_sword_sniper":9,"minecraft:grass_block":12,"ironchest:trapped_obsidian_chest":2,"ecologics:coconut_slice":4,"easy_villagers:auto_trader":5,"iceandfire:spawn_egg_lightning_dragon":1,"chipped:glad_amethyst_block":54,"gobber2:gobber2_sword_traveler":17,"minecraft:acacia_planks":8,"ironchest:crystal_chest":1},"minecraft:dropped":{"minecraft:yellow_concrete":1,"minecraft:rotten_flesh":1,"minecraft:grass_block":1},"minecraft:killed":{"minecraft:spider":2,"minecraft:creeper":1,"minecraft:skeleton":4,"minecraft:pillager":12,"minecraft:zombie":4,"ecologics:coconut_crab":2,"minecraft:enderman":1,"minecraft:cow":1}},"DataVersion":3465}