{"stats":{"minecraft:picked_up":{"minecraft:string":2},"minecraft:custom":{"minecraft:jump":107,"minecraft:time_since_rest":8794,"minecraft:leave_game":1,"minecraft:damage_dealt":190,"minecraft:crouch_one_cm":52,"minecraft:walk_on_water_one_cm":9406,"minecraft:sprint_one_cm":7824,"minecraft:play_time":8794,"minecraft:damage_taken":210,"minecraft:time_since_death":8794,"minecraft:walk_one_cm":11689,"minecraft:sneak_time":814,"minecraft:total_world_time":8794,"minecraft:walk_under_water_one_cm":10102,"minecraft:player_kills":1,"minecraft:fall_one_cm":2857,"minecraft:fly_one_cm":628974},"minecraft:mined":{"minecraft:grass":3,"minecraft:tall_grass":6,"minecraft:mangrove_leaves":3}},"DataVersion":3465}