{"stats":{"minecraft:crafted":{"paraglider:paraglider":1,"minecraft:stone_shovel":1,"sophisticatedbackpacks:backpack":1,"minecraft:crafting_table":3,"minecraft:spruce_planks":96,"minecraft:wooden_pickaxe":1,"minecraft:cooked_chicken":3,"minecraft:furnace":2,"sophisticatedbackpacks:gold_backpack":1,"minecraft:bucket":1,"minecraft:stone_axe":1,"minecraft:bread":50,"minecraft:air":0,"minecraft:shield":1,"minecraft:stick":20,"minecraft:iron_pickaxe":1,"minecraft:stone_pickaxe":1,"minecraft:iron_shovel":1,"quark:spruce_chest":1,"sophisticatedbackpacks:iron_backpack":1,"minecraft:wheat":45,"minecraft:smoker":1},"minecraft:killed_by":{"minecraft:skeleton":3,"iceandfire:ghost":1},"minecraft:picked_up":{"farmersdelight:rich_soil":1,"minecraft:crafting_table":2,"minecraft:wheat":107,"minecraft:feather":4,"minecraft:chicken":3,"minecraft:leather":5,"minecraft:smoker":1,"minecraft:birch_planks":1,"minecraft:enchanted_book":4,"iceandfire:ectoplasm":1,"paraglider:goddess_statue":1,"minecraft:dirt":2,"minecraft:string":17,"minecraft:lantern":5,"minecraft:iron_axe":1,"minecraft:experience_bottle":1,"minecraft:item_frame":1,"minecraft:bone":6,"minecraft:stone_bricks":1,"gobber2:gobber2_gooey_beef":1,"morevillagers:gardening_table":1,"minecraft:wheat_seeds":194,"minecraft:spruce_planks":17,"minecraft:beef":6,"minecraft:mossy_stone_bricks":1,"irons_spellbooks:inscription_table":1,"minecraft:chest":1,"minecraft:acacia_sapling":1,"gobber2:gobber2_gooey_bread":1,"minecraft:book":153,"minecraft:oak_slab":1,"minecraft:stick":3,"minecraft:raw_iron":4,"apotheosis:gem":4,"minecraft:sweet_berries":35,"minecraft:spruce_fence":1,"minecraft:jungle_planks":4,"minecraft:spruce_sapling":2,"minecraft:spruce_log":69,"minecraft:spider_eye":2,"minecraft:dark_prismarine":4,"minecraft:arrow":3,"minecraft:rotten_flesh":1,"minecraft:slime_ball":5,"minecraft:soul_lantern":2,"minecraft:hay_block":5,"minecraft:oak_sapling":3,"minecraft:coal":20,"minecraft:cobblestone":27},"minecraft:killed":{"minecraft:spider":4,"minecraft:skeleton":8,"minecraft:zombie":3,"iceandfire:ghost":1,"minecraft:chicken":3,"minecraft:cow":3},"minecraft:dropped":{"minecraft:enchanted_book":2,"minecraft:stone_axe":1,"minecraft:sweet_berries":4,"minecraft:wheat_seeds":131,"minecraft:stone_shovel":1,"minecraft:soul_lantern":2,"minecraft:iron_helmet":1,"minecraft:feather":4,"minecraft:rotten_flesh":1,"minecraft:lantern":4,"iceandfire:ectoplasm":1,"minecraft:spruce_fence":1,"minecraft:dirt":1,"minecraft:spruce_planks":15,"minecraft:mossy_stone_bricks":1,"minecraft:oak_sapling":3,"easy_villagers:villager":4,"minecraft:spider_eye":2,"minecraft:beef":2,"minecraft:arrow":2,"minecraft:bow":1,"minecraft:stone_pickaxe":1,"minecraft:wooden_pickaxe":1,"minecraft:bone":3},"minecraft:used":{"minecraft:birch_planks":1,"minecraft:stone_pickaxe":57,"gobber2:gobber2_gooey_bread":1,"minecraft:spruce_planks":40,"minecraft:shield":18,"minecraft:wooden_pickaxe":3,"minecraft:iron_sword":41,"minecraft:cooked_chicken":3,"minecraft:iron_chestplate":1,"minecraft:dirt":1,"minecraft:oak_slab":1,"minecraft:crafting_table":5,"minecraft:smoker":1,"morevillagers:gardening_table":1,"minecraft:iron_pickaxe":2,"minecraft:iron_axe":63,"minecraft:bread":26,"gobber2:gobber2_gooey_beef":1,"minecraft:stone_bricks":1,"minecraft:item_frame":1,"minecraft:stone_axe":101,"minecraft:cobblestone":4,"minecraft:sweet_berries":11,"minecraft:bucket":1,"minecraft:experience_bottle":1},"minecraft:mined":{"minecraft:dark_prismarine":4,"minecraft:oak_slab":1,"minecraft:spruce_planks":2,"farmersdelight:rich_soil":1,"minecraft:smoker":1,"minecraft:crafting_table":2,"minecraft:spruce_fence":1,"minecraft:grass_block":2,"morevillagers:gardening_table":1,"minecraft:jungle_planks":4,"minecraft:chest":1,"gobber2:gobber2_lucky_block":2,"minecraft:tall_grass":5,"minecraft:spruce_leaves":33,"minecraft:hay_block":5,"minecraft:birch_planks":1,"minecraft:wheat":1,"minecraft:iron_ore":4,"minecraft:sweet_berry_bush":14,"minecraft:spruce_log":71,"minecraft:grass":10,"minecraft:bookshelf":51,"minecraft:coal_ore":20,"minecraft:cobweb":14,"irons_spellbooks:inscription_table":1,"minecraft:stone":28,"minecraft:stone_bricks":1,"minecraft:oak_leaves":5,"minecraft:mossy_stone_bricks":1,"paraglider:goddess_statue":1,"minecraft:fern":1},"minecraft:custom":{"minecraft:mob_kills":22,"minecraft:interact_with_crafting_table":17,"minecraft:leave_game":1,"minecraft:time_since_death":50318,"minecraft:sleep_in_bed":1,"minecraft:climb_one_cm":3812,"minecraft:time_since_rest":24616,"minecraft:sprint_one_cm":312093,"minecraft:damage_taken":2247,"minecraft:damage_absorbed":83,"minecraft:walk_one_cm":152153,"minecraft:damage_blocked_by_shield":440,"minecraft:drop":38,"minecraft:damage_dealt":3420,"minecraft:talked_to_villager":10,"minecraft:swim_one_cm":3359,"minecraft:fly_one_cm":327171,"minecraft:open_chest":42,"minecraft:crouch_one_cm":19791,"minecraft:play_time":74034,"minecraft:deaths":4,"minecraft:sneak_time":5249,"minecraft:walk_under_water_one_cm":684,"minecraft:jump":1939,"minecraft:interact_with_blast_furnace":1,"minecraft:walk_on_water_one_cm":415,"minecraft:interact_with_smoker":4,"minecraft:total_world_time":74034,"minecraft:fall_one_cm":51647,"minecraft:horse_one_cm":2503}},"DataVersion":3465}