{
  "naturescompass:natures_compass": {
    "criteria": {
      "has_recipe": "2024-06-22 01:35:32 +0000"
    },
    "done": true
  },
  "iceandfire:iceandfire/root": {
    "criteria": {
      "tick": "2024-06-22 01:35:32 +0000"
    },
    "done": true
  },
  "naturescompass:natures_compass_sapling": {
    "criteria": {
      "has_recipe": "2024-06-22 01:35:32 +0000"
    },
    "done": true
  },
  "morevillagers:root": {
    "criteria": {
      "always": "2024-06-22 01:35:32 +0000"
    },
    "done": true
  },
  "mekanism:root": {
    "criteria": {
      "automatic": "2024-06-22 01:35:32 +0000"
    },
    "done": true
  },
  "dungeons_arise:wda_root": {
    "criteria": {
      "WDA": "2024-06-22 01:35:32 +0000"
    },
    "done": true
  },
  "apotheosis:give_book": {
    "criteria": {
      "tick": "2024-06-22 01:35:32 +0000"
    },
    "done": true
  },
  "farmersdelight:main/root": {
    "criteria": {
      "seeds": "2024-06-22 01:35:32 +0000"
    },
    "done": true
  },
  "naturescompass:natures_compass_log": {
    "criteria": {
      "has_recipe": "2024-06-22 01:35:32 +0000"
    },
    "done": true
  },
  "cataclysm:root": {
    "criteria": {
      "custom_test_name": "2024-06-22 01:35:32 +0000"
    },
    "done": true
  },
  "irons_spellbooks:grant_patchouli": {
    "criteria": {
      "tick": "2024-06-22 01:35:32 +0000"
    },
    "done": true
  },
  "mythicmounts:summoning_staff": {
    "criteria": {
      "has_the_recipe": "2024-06-22 01:35:32 +0000"
    },
    "done": true
  },
  "incendium:technical/new_player": {
    "criteria": {
      "requirement": "2024-06-22 01:35:32 +0000"
    },
    "done": true
  },
  "ironfurnaces:coal": {
    "criteria": {
      "rainbowcoal": "2024-06-22 01:35:32 +0000"
    },
    "done": true
  },
  "incendium:technical/using/trailblazer": {
    "criteria": {
      "log_spam_fixer": "2024-06-22 01:35:33 +0000"
    },
    "done": false
  },
  "incendium:technical/scroll_of_returning": {
    "criteria": {
      "log_spam_fixer": "2024-06-22 01:35:33 +0000"
    },
    "done": false
  },
  "minecraft:adventure/adventuring_time": {
    "criteria": {
      "minecraft:old_growth_pine_taiga": "2024-06-22 01:35:33 +0000",
      "minecraft:taiga": "2024-06-22 01:47:20 +0000",
      "minecraft:frozen_river": "2024-06-22 01:41:30 +0000",
      "quark:glimmering_weald": "2024-06-22 17:26:05 +0000",
      "minecraft:cherry_grove": "2024-06-22 16:42:16 +0000",
      "minecraft:river": "2024-06-22 01:39:37 +0000",
      "minecraft:stony_shore": "2024-06-22 01:42:47 +0000",
      "minecraft:dripstone_caves": "2024-06-22 17:01:12 +0000",
      "minecraft:forest": "2024-06-22 01:54:11 +0000",
      "minecraft:frozen_ocean": "2024-06-22 01:42:13 +0000",
      "minecraft:old_growth_spruce_taiga": "2024-06-22 01:39:44 +0000",
      "minecraft:old_growth_birch_forest": "2024-06-22 17:37:53 +0000",
      "minecraft:meadow": "2024-06-22 01:54:12 +0000",
      "minecraft:plains": "2024-06-22 16:42:48 +0000"
    },
    "done": false
  },
  "incendium:technical/using/ragnarok": {
    "criteria": {
      "log_spam_fixer": "2024-06-22 01:35:33 +0000"
    },
    "done": false
  },
  "incendium:technical/using/shield": {
    "criteria": {
      "log_spam_fixer": "2024-06-22 01:35:33 +0000"
    },
    "done": false
  },
  "farmersdelight:main/plant_all_crops": {
    "criteria": {
      "sweet_berries": "2024-06-22 01:37:28 +0000"
    },
    "done": false
  },
  "paraglider:root": {
    "criteria": {
      "crafting_table": "2024-06-22 01:38:17 +0000"
    },
    "done": true
  },
  "minecraft:story/root": {
    "criteria": {
      "crafting_table": "2024-06-22 01:38:17 +0000"
    },
    "done": true
  },
  "minecraft:story/mine_stone": {
    "criteria": {
      "get_stone": "2024-06-22 01:38:41 +0000"
    },
    "done": true
  },
  "minecraft:story/upgrade_tools": {
    "criteria": {
      "stone_pickaxe": "2024-06-22 01:38:51 +0000"
    },
    "done": true
  },
  "apotheosis:affix/root": {
    "criteria": {
      "sword": "2024-06-22 01:39:14 +0000"
    },
    "done": true
  },
  "minecraft:husbandry/balanced_diet": {
    "criteria": {
      "cooked_beef": "2024-06-22 17:35:45 +0000",
      "apple": "2024-06-22 01:40:13 +0000",
      "potato": "2024-06-22 01:41:13 +0000",
      "bread": "2024-06-22 01:46:40 +0000",
      "golden_apple": "2024-06-22 17:30:30 +0000",
      "rotten_flesh": "2024-06-22 16:57:09 +0000",
      "carrot": "2024-06-22 17:26:11 +0000"
    },
    "done": false
  },
  "minecraft:husbandry/root": {
    "criteria": {
      "consumed_item": "2024-06-22 01:40:13 +0000"
    },
    "done": true
  },
  "minecraft:adventure/root": {
    "criteria": {
      "killed_something": "2024-06-22 01:40:34 +0000"
    },
    "done": true
  },
  "iceandfire:iceandfire/kill_ghost": {
    "criteria": {
      "killed_fire_dragon": "2024-06-22 01:40:34 +0000"
    },
    "done": true
  },
  "morevillagers:first_village": {
    "criteria": {
      "taiga": "2024-06-22 01:47:24 +0000"
    },
    "done": true
  },
  "morevillagers:all_villages": {
    "criteria": {
      "taiga": "2024-06-22 01:47:24 +0000",
      "plains": "2024-06-22 16:48:34 +0000"
    },
    "done": false
  },
  "minecraft:story/obtain_armor": {
    "criteria": {
      "iron_boots": "2024-06-22 01:47:40 +0000"
    },
    "done": true
  },
  "apotheosis:affix/chests": {
    "criteria": {
      "sword": "2024-06-22 01:47:40 +0000"
    },
    "done": true
  },
  "farmersdelight:main/get_fd_seed": {
    "criteria": {
      "cabbage_seeds": "2024-06-22 01:49:26 +0000"
    },
    "done": true
  },
  "minecraft:adventure/kill_all_mobs": {
    "criteria": {
      "minecraft:skeleton": "2024-06-22 16:56:43 +0000",
      "minecraft:spider": "2024-06-22 16:54:55 +0000",
      "minecraft:creeper": "2024-06-22 16:57:39 +0000",
      "quark:forgotten": "2024-06-22 17:26:31 +0000",
      "minecraft:zombie": "2024-06-22 01:50:51 +0000",
      "minecraft:drowned": "2024-06-22 16:55:36 +0000"
    },
    "done": false
  },
  "minecraft:adventure/kill_a_mob": {
    "criteria": {
      "minecraft:zombie": "2024-06-22 01:50:51 +0000"
    },
    "done": true
  },
  "apotheosis:affix/random": {
    "criteria": {
      "sword": "2024-06-22 01:51:33 +0000"
    },
    "done": true
  },
  "minecraft:story/iron_tools": {
    "criteria": {
      "iron_pickaxe": "2024-06-22 01:51:33 +0000"
    },
    "done": true
  },
  "dungeons_arise:find_abandoned_temple": {
    "criteria": {
      "location0": "2024-06-22 01:52:12 +0000"
    },
    "done": true
  },
  "quark:crawl_in_hollow_log": {
    "criteria": {
      "crawl_in_hollow_log": "2024-06-22 16:42:21 +0000"
    },
    "done": true
  },
  "dungeons_arise:find_lighthouse": {
    "criteria": {
      "location0": "2024-06-22 16:43:55 +0000"
    },
    "done": true
  },
  "buildersdelight:root": {
    "criteria": {
      "has_iron_ingot": "2024-06-22 16:44:37 +0000"
    },
    "done": true
  },
  "minecraft:story/smelt_iron": {
    "criteria": {
      "iron": "2024-06-22 16:44:37 +0000"
    },
    "done": true
  },
  "minecraft:adventure/sleep_in_bed": {
    "criteria": {
      "slept_in_bed": "2024-06-22 16:53:58 +0000"
    },
    "done": true
  },
  "minecraft:story/deflect_arrow": {
    "criteria": {
      "deflected_projectile": "2024-06-22 16:56:40 +0000"
    },
    "done": true
  },
  "incendium:technical/sentrys_wrath": {
    "criteria": {
      "log_spam_fixer": "2024-06-22 17:37:47 +0000"
    },
    "done": false
  },
  "incendium:technical/inventory/sentrys_wrath": {
    "criteria": {
      "log_spam_fixer": "2024-06-22 17:37:47 +0000"
    },
    "done": false
  },
  "incendium:technical/multiplex_crossbow": {
    "criteria": {
      "log_spam_fixer": "2024-06-22 17:37:47 +0000"
    },
    "done": false
  },
  "incendium:technical/firestorm": {
    "criteria": {
      "log_spam_fixer": "2024-06-22 17:37:47 +0000"
    },
    "done": false
  },
  "quark:get_forgotten_hat": {
    "criteria": {
      "get_forgotten_hat": "2024-06-22 17:26:32 +0000"
    },
    "done": true
  },
  "incendium:technical/holy_wrath": {
    "criteria": {
      "log_spam_fixer": "2024-06-22 17:37:47 +0000"
    },
    "done": false
  },
  "apotheosis:affix/rare": {
    "criteria": {
      "sword": "2024-06-22 17:33:29 +0000"
    },
    "done": true
  },
  "incendium:technical/on_block": {
    "criteria": {
      "log_spam_fixer": "2024-06-22 17:37:47 +0000"
    },
    "done": false
  },
  "incendium:technical/inventory/firestorm": {
    "criteria": {
      "log_spam_fixer": "2024-06-22 17:37:47 +0000"
    },
    "done": false
  },
  "incendium:technical/feed_ghastling": {
    "criteria": {
      "log_spam_fixer": "2024-06-22 17:37:47 +0000"
    },
    "done": false
  },
  "incendium:technical/on_inventory_change": {
    "criteria": {
      "log_spam_fixer": "2024-06-22 17:37:47 +0000"
    },
    "done": false
  },
  "incendium:technical/give_ghastling": {
    "criteria": {
      "log_spam_fixer": "2024-06-22 17:37:47 +0000"
    },
    "done": false
  },
  "incendium:technical/on_kill": {
    "criteria": {
      "log_spam_fixer": "2024-06-22 17:37:47 +0000"
    },
    "done": false
  },
  "incendium:technical/on_player_hurt": {
    "criteria": {
      "requirement": "2024-06-22 17:37:57 +0000",
      "log_spam_fixer": "2024-06-22 17:37:47 +0000"
    },
    "done": true
  },
  "DataVersion": 3465
}